{"meta":{"lang":"Matlab","version":"R2020b"},"results":{"method":33.83238,"method_inh3":28.62512,"prop":22.47983,"prop_inh3":24.00625,"prop_write":53.67005}}
