{"meta":{"lang":"Matlab","version":"R2020b"},"results":{"method":24.10598,"method_inh3":25.65736,"prop":22.41646,"prop_inh3":21.19146,"prop_write":51.27936}}
