{"meta":{"lang":"Matlab","version":"R2020b"},"results":{"method":28.03408,"method_inh3":25.46709,"prop":24.00286,"prop_inh3":24.08885,"prop_write":55.81688}}
