{"meta":{"lang":"Matlab","version":"R2019b"},"results":{"method":106.50233,"method_inh3":108.02677,"prop":21.87955,"prop_inh3":21.96573,"prop_write":51.26808}}
