{"meta":{"lang":"Matlab","version":"R2020a"},"results":{"method":23.77766,"method_inh3":26.57995,"prop":24.97277,"prop_inh3":24.15521,"prop_write":53.15494}}
