{"meta":{"lang":"Matlab","version":"R2020a"},"results":{"method":23.8512,"method_inh3":27.66893,"prop":26.79407,"prop_inh3":25.02924,"prop_write":56.2766}}
