{"meta":{"lang":"Matlab","version":"R2019b"},"results":{"method":108.08503,"method_inh3":107.62918,"prop":22.05697,"prop_inh3":24.22998,"prop_write":49.43422}}
