{"meta":{"lang":"Matlab","version":"R2020a"},"results":{"method":24.48473,"method_inh3":27.50845,"prop":24.24156,"prop_inh3":23.98776,"prop_write":54.21146}}
