{"meta":{"lang":"Matlab","version":"R2019b"},"results":{"method":112.81356,"method_inh3":114.06621,"prop":23.87087,"prop_inh3":23.35622,"prop_write":53.56353}}
