{"method": 0.09419, "method_inh_3": 0.09627, "prop": 0.04389, "prop_inh3": 0.04572}