{"method": 0.09377, "method_inh_3": 0.09902, "prop": 0.04452, "prop_inh3": 0.04362}